question_id,stage,question,answerable,answer,reference_answer,accuracy_0_2,completeness_0_2,unsupported_claims_count,citations_supported_yes_no,abstained_correctly_yes_no,notes
q01,baseline,ตามเอกสาร หัดเยอรมันเกิดจากเชื้ออะไร และเป็นไวรัสหรือแบคทีเรีย?,True,"หัดเยอรมันเกิดจากเชื้อ ""รูเบลลาไวรัส"" (Rubella virus) และเป็นไวรัส [D1]",เกิดจากไวรัสรูเบลลา (Rubella virus),,,,,,
q02,baseline,บทความระบุว่าระยะฟักตัวของหัดเยอรมันโดยเฉลี่ยกี่วัน?,True,ระยะฟักตัวของโรคหัดเยอรมันโดยเฉลี่ยคือประมาณ 16-18 วัน [D2],โดยเฉลี่ยประมาณ 16-18 วัน โดยช่วงที่ระบุคือประมาณ 12-24 วัน,,,,,,
q03,baseline,หัดเยอรมันติดต่อผ่านการไอจามและสิ่งของได้อย่างไรตามบทความ?,True,"หัดเยอรมันสามารถติดต่อได้ผ่านการไอจามและสิ่งของได้ดังนี้:

- ผ่านการไอจาม: เชื้อหัดเยอรมันสามารถแพร่กระจายได้โดยการหายใจสูดเอาฝอยละอองเสมหะที่ผู้ป่วยไอหรือจามรด [D1]
- ผ่านสิ่งของ: เชื้ออาจติดอยู่ที่มือของผู้ป่วย หรือสิ่งของเครื่องใช้ต่าง ๆ เช่น แก้วน้ำ จาน ชาม ผ้าเช็ดหน้า ผ้าเช็ดตัว หนังสือ โทรศัพท์ ของเล่น เป็นต้น เมื่อคนปกติมาสัมผัสถูกมือของผู้ป่วย หรือสิ่งของที่แปดเปื้อนเชื้อ เชื้อก็จะติดมากับมือของคน ๆ นั้น เมื่อใช้นิ้วมือขยี้ตาหรือแคะไชจมูก เชื้อหัดเยอรมันก็จะเข้าสู่ร่างกายได้ [D1]

ข้อมูลนี้ได้มาจาก [D1] ซึ่งอธิบายกลไกการติดต่อโดยการหายใจและสัมผัสกับสิ่งของที่มีเชื้อ.",สูดฝอยละอองจากการไอหรือจาม และสัมผัสสิ่งของที่มีเชื้อแล้วนำมือไปขยี้ตาหรือแคะจมูก,,,,,,
q04,baseline,การติดเชื้อหัดเยอรมันจากมารดาสู่ทารกอาจทำให้เกิดความผิดปกติหลักสามอย่างใด?,True,"การติดเชื้อหัดเยอรมันจากมารดาสู่ทารกอาจทำให้เกิดความผิดปกติหลักสามอย่างคือ:

1. หูหนวก – พบได้ประมาณ 58% ของทารกที่ติดเชื้อ [D3]  
2. หัวใจพิการ – พบได้ประมาณ 50% [D3]  
3. ต้อกระจก – พบได้ประมาณ 1 ใน 3 ของทารกที่เป็นหัดเยอรมันแต่กำเนิด [D1]

อย่างไรก็ตาม คำถามถามถึง ""ความผิดปกติหลักสามอย่าง"" ซึ่งในข้อมูลหลักฐาน [D3] ระบุชัดเจนว่ามีความผิดปกติหลักที่พบได้บ่อยคือ หูหนวก, หัวใจพิการ และต้อกระจก โดยเฉพาะอย่างยิ่งในข้อความที่กล่าวว่า ""ส่วนใหญ่จะมีลักษณะอย่างใดอย่างหนึ่งหรือทั้ง 3 อย่าง"" ซึ่งหมายถึง หูหนวก, หัวใจพิการ และต้อกระจก

ดังนั้น ความผิดปกติหลักสามอย่างคือ:

- หูหนวก  
- หัวใจพิการ  
- ต้อกระจก  

อ้างอิง:  
[D3] ระบุว่า ""หูหนวก เป็นกรณีที่พบได้ประมาณ 58%"" และ ""หัวใจพิการ เป็นกรณีที่พบได้ประมาณ 50%"" และใน [D1] ระบุว่า ""ต้อกระจก (พบได้ประมาณ 1 ใน 3 ของทารกที่เป็นหัดเยอรมันแต่กำเนิด)""  

ดังนั้น ความผิดปกติหลักสามอย่างที่กล่าวถึงคือ หูหนวก, หัวใจพิการ และต้อกระจก.",หูหนวก หัวใจพิการ และต้อกระจก,,,,,,
q05,baseline,เชื้อก่ออหิวาตกโรคชื่ออะไร และซีโรกรุ๊ปใดมีความสำคัญต่อการระบาดตามเอกสาร?,True,"เชื้อก่ออหิวาตกโรคชื่อ ""วิบริโอคอเลอเร"" (Vibrio cholerae) [D1]

ซีโรกรุ๊ปที่มีความสำคัญต่อการระบาดคือ ซีโรกรุ๊ป O1 (Vibrio cholerae serogroup O1) และซีโรกรุ๊ป O139 (Vibrio cholerae serogroup O139) [D1]",แบคทีเรีย Vibrio cholerae โดยซีโรกรุ๊ป O1 และ O139 มีความสำคัญต่อการระบาด,,,,,,
q06,baseline,บทความอธิบายการรับเชื้ออหิวาตกโรคผ่านอาหารและน้ำอย่างไร?,True,"ไม่พบข้อมูลเพียงพอในเอกสาร เพื่อตอบคำถามเกี่ยวกับการรับเชื้ออหิวาตกโรคผ่านอาหารและน้ำ ต้องมีข้อมูลที่ระบุว่าเชื้อสามารถเข้าสู่ร่างกายผ่านทางอาหารหรือน้ำได้อย่างไร แต่ในหลักฐานที่ให้มา ไม่มีข้อความที่อธิบายการรับเชื้อผ่านทางอาหารหรือน้ำโดยตรง แม้จะมีข้อมูลเกี่ยวกับการป้องกัน เช่น การดื่มน้ำสะอาด การล้างมือ หรือการหลีกเลี่ยงอาหารที่ไม่สะอาด แต่ไม่ได้ระบุว่าการรับเชื้อเกิดขึ้นผ่านทางอาหารหรือน้ำอย่างไร โดยเฉพาะอย่างยิ่งไม่มีการอธิบายกลไกการรับเชื้อผ่านทางน้ำหรืออาหารในหลักฐานที่ให้มา [D1], [D2], [D3]",รับประทานอาหารหรือดื่มน้ำที่ปนเปื้อนเชื้อ,,,,,,
q07,baseline,ทำไมอุจจาระผู้ป่วยอหิวาตกโรคบางรายจึงมีลักษณะเหมือนน้ำซาวข้าวตามบทความ?,True,เพราะอุจจาระของผู้ป่วยอหิวาตกโรคบางรายมีมูกมาก ทำให้สีของอุจจาระดูเหมือนน้ำซาวข้าว [D1] และมีรายงานว่าสีของอุจจาระจะออกเป็นสีขาวเหมือนน้ำซาวข้าว [D2],เพราะมีมูกมาก,,,,,,
q08,baseline,เอกสารระบุวิธีชดเชยน้ำสำหรับอหิวาตกโรคที่ไม่รุนแรงกับที่รุนแรงต่างกันอย่างไร?,True,"สำหรับผู้ป่วยที่มีอาการไม่รุนแรง:  
แพทย์จะให้การรักษาแบบอาการท้องเสียหรืออาหารเป็นพิษทั่วไป คือ การให้ดื่มสารละลายน้ำตาลเกลือแร่ (ORS) ทดแทนให้ได้เท่ากับปริมาณที่ถ่ายออกมาในแต่ละครั้ง (ซึ่งอาจต้องถึง 1 ลิตรต่อชั่วโมง) เพื่อป้องกันภาวะขาดน้ำ [D1]

สำหรับผู้ป่วยที่มีอาการรุนแรง เช่น ถ่ายเป็นน้ำรุนแรง อาเจียนรุนแรง รับประทานอาหารไม่ได้ หรือมีภาวะขาดน้ำรุนแรง การรักษาจะต้องให้น้ำเกลือทางหลอดเลือดดำโดยเร็ว ซึ่งแพทย์จะรับตัวผู้ป่วยไว้รักษาในโรงพยาบาล [D1]

ดังนั้น วิธีชดเชยน้ำสำหรับอหิวาตกโรคที่ไม่รุนแรงคือการดื่มสารละลายน้ำตาลเกลือแร่ (ORS) ขณะที่สำหรับอาการรุนแรงคือการให้น้ำเกลือทางหลอดเลือดดำโดยเร็ว [D1]",รายไม่รุนแรงที่ดื่มได้ใช้สารละลายน้ำตาลเกลือแร่ ORS; รายรุนแรงให้น้ำเกลือทางหลอดเลือดดำโดยเร็ว,,,,,,
q09,baseline,ต้อกระจกทำให้สายตามัวได้อย่างไรตามคำอธิบายในเอกสาร?,True,"ต้อกระจกทำให้สายตามัวได้เพราะแก้วตา (เลนส์ตา) ที่อยู่ภายในลูกตาเสื่อมลงและมีลักษณะขุ่นขาว ทำให้เกิดการหักเหของแสงไม่เต็มที่ แสงจึงส่งผ่านเข้าไปในตาได้ไม่เต็มที่ ทำให้ภาพที่ตกโฟกัสที่จอประสาทตา (เรตินา) ไม่ชัดเจน จึงเกิดอาการสายตาฝ้าฟางหรือสายตามัวคล้ายหมอกบัง [D1]

ในระยะเริ่มต้น ผู้ป่วยอาจรู้สึกว่ามีอาการตามัวเหมือนมีหมอกบัง โดยเฉพาะเมื่อมองในที่สว่าง ซึ่งรูม่านตาจะหดแคบลง ทำให้แสงผ่านเฉพาะบริเวณแก้วตาที่ขุ่นขาว จึงทำให้ตาพร่ามัว [D3] ขณะที่ในที่มืด รูม่านตาจะขยาย ทำให้แสงผ่านเข้าไปผ่านแก้วตาส่วนรอบนอกที่ยังใสอยู่ได้ จึงทำให้เห็นภาพชัดกว่าในที่มืด [D3]

นอกจากนี้ ผู้ป่วยอาจสังเกตเห็นภาพซ้อน แสงไฟเป็นแสงกระจาย หรือมองเห็นพระจันทร์สองดวงหรือหลายดวง เนื่องจากแก้วตาที่ขุ่นขาวทำให้เกิดการเปลี่ยนแปลงการหักเหของแสงไม่เท่ากัน [D3]",แก้วตาขุ่นทึบ บดบังแสงที่จะผ่านเข้าสู่ตาและไปยังจอประสาทตา,,,,,,
q10,baseline,สาเหตุส่วนใหญ่ของต้อกระจกในบทความคืออะไร และระบุสัดส่วนประมาณเท่าใด?,True,สาเหตุส่วนใหญ่ของต้อกระจกในบทความคือภาวะเสื่อมตามวัยหรือจากวัยชรา โดยมีสัดส่วนประมาณ 80% [D1].,ภาวะเสื่อมตามวัยหรือวัยชรา ประมาณ 80%,,,,,,
q11,baseline,ตามบทความต้อกระจก ยากินหรือยาหยอดตาทดแทนการผ่าตัดได้หรือไม่?,True,"ไม่ได้

เหตุผล: บทความระบุว่า ""ไม่มียาที่ใช้กินหรือหยอดตาใด ๆ ที่จะช่วยแก้อาการของต้อกระจกได้"" และแม้ว่ายาจากหลาย ๆ บริษัทจะอ้างว่าสามารถช่วยชะลอต้อกระจกได้ ก็ยังไม่ได้รับการพิสูจน์ที่แน่ชัดว่าช่วยชะลอต้อกระจกได้จริง [D1]",บทความระบุว่าไม่มียากินหรือยาหยอดตาช่วยแก้ต้อกระจก การรักษาคือผ่าตัดเอาแก้วตาที่ขุ่นออก,,,,,,
q12,baseline,หูรูดส่วนใดทำงานผิดปกติในกรดไหลย้อน และทำให้น้ำย่อยไหลย้อนอย่างไรตามเอกสาร?,True,หูรูดส่วนล่างของหลอดอาหาร (Lower esophageal sphincter – LES) ทำงานผิดปกติในโรคกรดไหลย้อน [D1] โดยกล้ามเนื้อหูรูดส่วนนี้ปิดไม่สนิท ทำให้เกิดช่องว่างที่ทำให้น้ำย่อยในกระเพาะอาหารไหลย้อนขึ้นไปที่หลอดอาหารและลำคอ [D1] ภาวะปกติคือเมื่อกลืนอาหาร หูรูดส่วนล่างจะหย่อนคลายเพื่อเปิดให้อาหารไหลเข้าไปในกระเพาะ แล้วเมื่ออาหารไหลหมด หูรูดจะหดรัดตัวเพื่อปิดกั้นไม่ให้น้ำย่อยไหลย้อนขึ้นไปที่หลอดอาหาร [D1] แต่เมื่อหูรูดหย่อนสมรรถภาพ น้ำย่อยก็จะไหลย้อนขึ้นไปที่หลอดอาหารและลำคอ ทำให้เกิดการระคายเคือง [D1],หูรูดส่วนล่างของหลอดอาหาร (LES) หย่อนสมรรถภาพและปิดไม่สนิท จึงให้น้ำย่อยไหลย้อน,,,,,,
q13,baseline,เอกสารกรดไหลย้อนระบุอาการแสบร้อนกลางอกและรสในปากไว้อย่างไร?,True,"เอกสารระบุว่าอาการแสบร้อนกลางอก (Heartburn) เป็นอาการสำคัญของโรคกรดไหลย้อน ซึ่งผู้ป่วยจะมีอาการปวดแสบตรงลิ้นปี่หรือยอดอก และอาการนี้จะเกิดขึ้นหลังการรับประทานอาหารเข้าไปในปริมาณมาก ประมาณ 30-60 นาที หรือหลังรับประทานอาหารแล้วล้มตัวลงนอนราบ นั่งงอตัว หรือโค้งตัวลงต่ำ มีการรัดเข็มขัดแน่นหรือใส่กางเกงคับเอว [D1]

นอกจากนี้ ผู้ป่วยบางรายอาจรู้สึกมีรสขมของน้ำดี หรือรสเปรี้ยวของกรดในปากหรือคอ หรือมีอาการขย้อนอาหารหรือเรอเอาน้ำย่อยรสเปรี้ยวขึ้นไปที่คอหอย [D1]

ข้อมูลนี้อ้างอิงจาก [D1]",แสบร้อนตรงลิ้นปี่หรือยอดอก และบางรายมีรสเปรี้ยวของกรดหรือรสขมของน้ำดี,,,,,,
q14,baseline,บทความกรดไหลย้อนระบุว่าควรเว้นอาหารมื้อเย็นห่างจากเวลาเข้านอนอย่างน้อยเท่าใด?,True,"ควรเว้นอาหารมื้อเย็นห่างจากเวลาเข้านอนอย่างน้อย **3 ชั่วโมง**  

[ดูจาก D1: ""ทิ้งช่วงห่างจากเวลาเข้านอนอย่างน้อย 3 ชั่วโมง""]",อย่างน้อย 3 ชั่วโมง,,,,,,
q15,baseline,ตามบทความกรดไหลย้อน การหนุนหมอนสูงกับยกหัวเตียงต่างกันอย่างไร และเพราะเหตุใดไม่แนะนำหมอนสูง?,True,"การหนุนหมอนสูงและยกหัวเตียงต่างกันอย่างไร:

- การหนุนหมอนสูง: บทความระบุว่า ""วิธีการหนุนหมอนให้สูงนั้นไม่แนะนำให้ทำ เพราะอาจจะทำให้ท้องโค้งงอ ความดันในช่องท้องเพิ่มมากขึ้นได้"" [D1]

- การยกหัวเตียง: บทความระบุว่า ""ควรหนุนศีรษะให้สูง 6-10 นิ้ว โดยการหนุนขาเตียงด้านศีรษะให้สูงหรือใช้อุปกรณ์พิเศษสอดใต้ที่นอนให้เอียงลาดจากศีรษะลงมาถึงระดับเอว หรือใช้เตียงนอนที่มีกลไกปรับหัวเตียงให้สูงได้"" [D1]

ดังนั้น การหนุนหมอนสูงไม่แนะนำเพราะอาจทำให้ท้องโค้งงอและเพิ่มความดันในช่องท้อง ขณะที่การยกหัวเตียงหรือการหนุนเตียงด้านศีรษะให้สูงเป็นวิธีที่แนะนำเพื่อช่วยลดอาการกำเริบของโรคกรดไหลย้อน โดยไม่ทำให้เกิดผลเสียต่อระบบทางเดินอาหาร

เหตุผลที่ไม่แนะนำการหนุนหมอนสูง: เพราะอาจทำให้ท้องโค้งงอและเพิ่มความดันในช่องท้องได้ [D1]",ให้ยกด้านศีรษะของเตียงหรือปรับที่นอนเอียง; หมอนสูงอาจทำให้ท้องโค้งงอและเพิ่มความดันในช่องท้อง,,,,,,
q16,baseline,เอกสารระบุจำนวนผู้ป่วยหัดเยอรมันทั้งประเทศไทยในปี 2569 ไว้เท่าใด?,False,"ไม่พบข้อมูลเพียงพอในเอกสาร  
ส่วนที่ขาด: ข้อมูลจำนวนผู้ป่วยหัดเยอรมันทั้งประเทศไทยในปี 2569 ไม่ได้ระบุในเอกสารใด ๆ ที่ให้มา",ไม่พบข้อมูลเพียงพอในเอกสาร,,,,,,
q17,baseline,ค่าผ่าตัดต้อกระจกของโรงพยาบาลศิริราชในเดือนตุลาคม 2569 เท่าไรตามเอกสาร?,False,"ไม่พบข้อมูลเพียงพอในเอกสาร  
ส่วนที่ขาด: ข้อมูลเกี่ยวกับค่าผ่าตัดต้อกระจกของโรงพยาบาลศิริราชในเดือนตุลาคม 2569 ไม่ได้ปรากฏในเอกสารใด ๆ ที่ให้มา",ไม่พบข้อมูลเพียงพอในเอกสาร,,,,,,
q18,baseline,ตามเอกสาร โมเดล BAAI/bge-m3 สร้าง embedding กี่มิติ?,False,"ไม่พบข้อมูลเพียงพอในเอกสาร  
ส่วนที่ขาด: ข้อมูลเกี่ยวกับโมเดล BAAI/bge-m3 หรือการสร้าง embedding จำนวนมิติไม่ได้ปรากฏในหลักฐานใด ๆ",ไม่พบข้อมูลเพียงพอในเอกสาร,,,,,,
