question_id,stage,answerable,hit_at_5,mrr_at_5,evidence_recall_at_5,retrieval_ms,rerank_ms,search_total_ms,candidate_count,reranked_count,answer_ms
q01,improved,True,1.0,1.0,1.0,305.2655829815194,3116.4906669873744,3421.756249968894,27,20,18889.53537499765
q02,improved,True,1.0,1.0,1.0,302.1856670093257,17803.889624978183,18106.07529198751,27,20,16173.453625000548
q03,improved,True,1.0,1.0,1.0,633.165540988557,17918.74820899102,18551.913749979576,30,20,37832.1683339891
q04,improved,True,1.0,0.5,1.0,465.8817919844296,25614.595582999755,26080.477374984184,28,20,22118.871874990873
q05,improved,True,1.0,1.0,1.0,601.6546660102904,7354.623916995479,7956.278583005769,27,20,20315.811667009257
q06,improved,True,1.0,1.0,1.0,400.25549998972565,21452.11112499237,21852.366624982096,28,20,34853.7823339866
q07,improved,True,1.0,1.0,1.0,332.5312499946449,9818.56366698048,10151.094916975126,28,20,22632.472958008293
q08,improved,True,1.0,1.0,1.0,437.93162499787286,17928.23675001273,18366.168375010602,26,20,27637.8952919913
q09,improved,True,1.0,1.0,1.0,339.5105829986278,11669.857041997602,12009.36762499623,22,20,28825.19620799576
q10,improved,True,1.0,1.0,1.0,514.2264169990085,16230.445833003614,16744.672250002623,35,20,14994.353167014197
q11,improved,True,1.0,1.0,1.0,892.9541250108741,21659.486207994632,22552.440333005507,26,20,23985.454959009076
q12,improved,True,1.0,1.0,1.0,704.1260420228355,27284.51366702211,27988.639709044946,23,20,23830.990540998755
q13,improved,True,1.0,1.0,1.0,583.8215000112541,17080.958417005604,17664.77991701686,24,20,14745.774792012526
q14,improved,True,1.0,1.0,1.0,402.29966698097996,25603.88987499755,26006.18954197853,23,20,22108.486416982487
q15,improved,True,1.0,1.0,1.0,1097.4351249751635,21690.803125005914,22788.238249981077,25,20,25407.32008300256
q16,improved,False,,,,672.076000017114,31413.536457985174,32085.612458002288,30,20,17230.599500006065
q17,improved,False,,,,1294.5167500001844,21674.249833013164,22968.76658301335,27,20,24920.31095799757
q18,improved,False,,,,713.8015840027947,17078.208957973402,17792.010541976197,37,20,18619.358042022213
